ticket_number,names,payment_amt,violations
PS335598,Gaspar Winborn,377.15,['littering']
XL602898,Larine Purviss,191.63,"['illegal dumping', 'public intoxication']"
BX717053,Robby Curbishley,52.65,"['vandalism', 'failure to yield', 'graffiti']"
MB792206,L;urette Rizzetti,394.61,['unauthorized use of fire hydrant']
ZO266182,Eugine Ratie,245.44,"['unleashed dog', 'jaywalking']"
EZ839844,Gisella Hefford,428.14,['jaywalking']
NA262421,Augustine Geraldi,83.07,"['jaywalking', 'disturbing the peace', 'illegal dumping']"
PC594045,Thoma Hinken,303.88,['broken taillight']
YV356152,Jessie Iacopini,451.23,['disturbing the peace']
IJ991194,Laird Wolseley,10.01,"['disturbing the peace', 'vandalism']"
XM048087,Lauritz Atkinson,168.49,"['disturbing the peace', 'noise disturbance']"
ZO729699,Richard Rosbrough,178.8,['trespassing']
KX085549,Betsy Roizn,285.12,"['unauthorized use of fire hydrant', 'reckless driving']"
KY695273,Shaine Romeuf,128.94,['broken taillight']
ZM816860,Dana D'Souza,199.7,['jaywalking']
EA884700,Bat Screen,277.11,['underage drinking']
RT851998,Kiley Pettisall,102.55,['public intoxication']
SC778520,Cherish Ogley,399.91,['disturbing the peace']
RE667459,Howey Warrior,389.77,"['illegal dumping', 'graffiti']"
FA778698,Kerrie Rodden,443.54,"['failure to yield', 'reckless driving']"
MK222886,Gaile Crigin,25.03,['littering']
VS394139,Winnie Grundle,392.51,"['unleashed dog', 'noise disturbance', 'trespassing']"
ML847796,Simone Capps,20.91,['reckless driving']
HP673626,Barbette Chamberlain,111.34,['jaywalking']
LC207102,Marwin Levane,100.73,['unleashed dog']
YN647763,Dale Mokes,123.97,"['failure to yield', 'broken taillight']"
EW182879,Maureen Hambribe,319.27,['unleashed dog']
JE143232,Tadeo D'Ruel,128.09,['littering']
UK911927,Maddie Midlane,408.46,['expired license plate']
YO117803,Khalil Hoggins,239.3,['expired license plate']
QI638722,Jaymee Wasbey,153.05,['smoking in non-smoking area']
EG320328,Lancelot Say,129.82,['unauthorized use of fire hydrant']
HL164172,Pinchas Cahalan,180.38,"['graffiti', 'public intoxication']"
ID580093,Pip Yitzhakov,347.42,['expired license plate']
GV804356,Inger Deinert,393.18,['broken taillight']
BN942604,Aile Patterson,186.35,['speeding']
QC587122,Rouvin Comettoi,238.49,['noise disturbance']
YW993868,Allene Sollitt,371.87,"['noise disturbance', 'vandalism']"
VT408002,Brynne Mothersole,439.07,['trespassing']
JB404808,Charlean Cron,306.15,['public intoxication']
BV709216,Pietra Archanbault,142.86,['failure to yield']
NE153905,Banky Frodsham,400.48,['expired license plate']
VP523640,Con Rawe,152.64,['reckless driving']
UB432702,Nevil Wroath,310.81,['illegal dumping']
OW825441,Linn Hembrow,83.74,['reckless driving']
OA999599,Walther Matskevich,345.71,"['failure to yield', 'jaywalking']"
OK275310,Sullivan Nicklin,36.89,['vandalism']
IQ639797,Ethel Latchford,370.66,['public intoxication']
SL158353,Jordon Officer,8.41,"['trespassing', 'littering']"
GW385978,Amye Tattersfield,216.06,['broken taillight']
SA548655,Rachel Spendley,140.85,['illegal parking']
TD347539,Nat Jaume,452.31,['graffiti']
QA692841,Sashenka Donohue,340.81,['broken taillight']
CA993375,Jolyn Rowen,371.98,['unauthorized use of fire hydrant']
UU429143,See Streeter,413.39,['reckless driving']
DO898994,Parsifal Artindale,374.24,['graffiti']
TX420566,Iona Lacoste,104.33,['jaywalking']
GS543955,Simone Glennard,101.87,"['jaywalking', 'failure to yield']"
VM546064,Austin Chisnall,205.38,['graffiti']
HW276317,Devonne Mintrim,158.64,['noise disturbance']
VP499775,Keir Skill,431.08,['trespassing']
UX951103,Lenna Divver,498.79,['graffiti']
YQ628943,Ruy Glave,229.4,['loitering']
XM414147,Maure Peachey,287.76,['unleashed dog']
KD106876,Bartie Gowrich,407.57,['loitering']
CM355675,Kaja Dat,425.6,['littering']
LE135755,Muhammad Keijser,187.79,['illegal dumping']
OL877671,Marjy Lackington,40.72,['disturbing the peace']
VZ382015,Sharla Dunbabin,419.52,['expired license plate']
PV721900,Rainer Abatelli,174.43,['reckless driving']
MK767830,Fitzgerald Vasilenko,85.08,['underage drinking']
ON767008,Noby Holt,34.29,['unauthorized use of fire hydrant']
OO556054,Pincas Byrcher,264.67,['speeding']
HX081470,Janifer Briscow,32.74,['vandalism']
YT375001,Orton Coleby,8.46,"['failure to yield', 'noise disturbance']"
OL526304,Tomaso L'Archer,341.48,['graffiti']
ZG728261,Charmian Otridge,338.31,['failure to yield']
BX980986,Merwin Birkinshaw,46.15,['disturbing the peace']
FO690676,Jerad Shephard,260.2,['reckless driving']
JA506366,Veronica Sutherel,133.37,['reckless driving']
FG812135,Gilburt Heistermann,203.1,['reckless driving']
CF317979,Samaria Bolletti,336.27,['expired license plate']
OU243587,Silva Burling,109.66,['vandalism']
MU366588,Vanny Crush,233.61,['vandalism']
VA420943,Modesta Dmisek,366.09,['littering']
LG367844,Nealson Carrick,114.45,['noise disturbance']
EP444008,Brok Jinks,142.86,['broken taillight']
HO017024,Orsa Cogzell,217.22,['trespassing']
EQ737638,Fonsie Whyborne,163.97,['loitering']
PM267433,Dinnie Capp,421.36,['disturbing the peace']
FG261982,Traver Goose,380.91,['vandalism']
VH112841,Hersch Keinrat,261.85,['jaywalking']
TC345719,Eleanore Swigger,105.82,['illegal dumping']
YX432969,Gard Lackington,171.13,['illegal parking']
LD048499,Kristoforo Bohler,255.1,['jaywalking']
EF962181,Chelsea Gilbey,197.08,['illegal parking']
LV968478,Griz Klambt,332.56,['trespassing']
OB143254,Osbourn Caser,56.33,['speeding']
WK508460,Kimberlyn Dungey,413.14,['underage drinking']
MA104607,Zulema Freebury,374.44,['expired license plate']
TM241858,Hatty Brouncker,428.41,['vandalism']
DY548122,Cyndie Gosnay,2.12,['illegal dumping']
ZW713921,Dominik Murford,456.26,['trespassing']
KK336275,Salomo Timmermann,244.44,['illegal dumping']
AN969849,Naomi Sabin,134.89,['graffiti']
IW693540,Tuesday Clift,129.51,['graffiti']
FZ677794,Clifford Bradder,286.72,['loitering']
QQ549062,Laurence McGonigle,72.08,['speeding']
FW328707,Moore Van der Mark,453.05,['failure to yield']
FO720188,Jason Kingswood,306.24,['speeding']
PI796082,Lyn O'Sullivan,271.86,['unauthorized use of fire hydrant']
ED319501,Yolanda Timmis,348.58,['illegal parking']
ZG109375,Corrina Brunstan,53.58,['unauthorized use of fire hydrant']
XG868240,Maurise Waistell,208.56,['failure to yield']
SN175918,Lucky Stoner,489.52,['underage drinking']
TC801293,Gwenette Whilder,388.21,['littering']
HK026358,Hugibert Gater,9.71,['jaywalking']
BH869638,Jacinta Frisel,356.33,['underage drinking']
KQ579734,Sascha Zielinski,448.26,['illegal dumping']
IV399282,Elnar Strond,76.54,['noise disturbance']
LF208885,Ivar Streatfield,455.02,['vandalism']
CK640693,Stacie Bransby,439.7,['trespassing']
FU841758,Connie Oboy,234.95,['illegal dumping']
YZ936155,Phaidra Duester,84.66,['illegal parking']
DR256659,Reynard Gervaise,297.17,['failure to yield']
HA879288,Valaree Mushawe,127.72,['illegal parking']
CO824727,Somerset Winckworth,178.51,['broken taillight']
RZ067418,Robinet Leebeter,70.33,['loitering']
RW779107,Norean Leadston,248.5,['vandalism']
ZU102525,Carley Purser,159.4,['underage drinking']
QW595176,Nowell Lestor,303.74,['trespassing']
CP662547,Deerdre Finnes,204.74,['broken taillight']
PH429452,Horatio McAline,84.83,['speeding']
RQ623138,Catlaina Eggleston,203.7,['failure to yield']
UE521392,Joy MacEllen,64.65,['smoking in non-smoking area']
AU321712,Bogey Veevers,354.02,['loitering']
QE437120,Daryl Klesel,339.34,['unleashed dog']
BA346673,Wynne Earsman,202.04,['graffiti']
IG672237,Chalmers Cram,88.72,['broken taillight']
AM042948,Alanah Weiner,24.49,['unauthorized use of fire hydrant']
DB046714,Noni Simao,339.99,['public intoxication']
NN331221,Cecile Defries,457.21,['broken taillight']
AB079800,Patricia Wrefford,285.1,['trespassing']
KF672284,Elnore Stonhard,352.52,['trespassing']
EM079993,Joshia Magne,57.5,['graffiti']
RR601559,Skippie Dyte,88.59,['illegal dumping']
KB293599,Bucky Mattisssen,492.53,['public intoxication']
PF635825,Lyn Lucius,439.65,['graffiti']
RL535652,Benedick Stannah,322.66,['graffiti']
HB279545,Bari Champneys,234.68,['disturbing the peace']
IW833317,Jamie Gatheral,218.39,['public intoxication']
UE823176,Sydelle Gerding,250.54,['jaywalking']
PU075573,Jeno Onthank,159.25,['loitering']
ZP537171,Cloris Robert,305.78,['underage drinking']
AA620209,Leonora Beaton,473.59,['unauthorized use of fire hydrant']
NM567545,Alena Bondesen,164.94,['littering']
XW770611,Jaquenetta Lie,370.2,['littering']
ZG118792,Mervin Figg,300.68,['noise disturbance']
ZM547630,Gun Lude,241.72,['trespassing']
AI498997,Yovonnda Kneal,113.08,['littering']
HA998823,Lory Tommasi,448.46,['speeding']
LV503215,Christen Cossey,450.31,['failure to yield']
BX019679,Sayers Ellison,151.55,['trespassing']
CW004824,Berte Polon,342.03,['illegal dumping']
YF650908,Kristen Curtis,393.2,['loitering']
UC558287,Niels Croome,317.2,['expired license plate']
PS152226,Janeen Surgeon,433.96,['smoking in non-smoking area']
OE620120,Mureil Shimony,215.2,['reckless driving']
EC832511,Nehemiah Kale,406.53,['underage drinking']
KG450102,Micah Rowlett,399.96,['vandalism']
AI949011,Westleigh Heball,233.86,['underage drinking']
NS368589,Barth Loveridge,15.09,['unleashed dog']
UP495781,Shandy Wattingham,173.2,['vandalism']
CV612781,Osgood Grinyakin,388.7,['speeding']
HV225545,Jacqui Le Houx,264.85,['illegal dumping']
MO933023,Shellysheldon Fishenden,205.02,['unleashed dog']
AZ263045,Rad Hammand,257.42,['noise disturbance']
DF710626,Dorri Valsler,201.11,['smoking in non-smoking area']
FA943091,Jack Sarrell,423.76,['noise disturbance']
HM989528,Maynard Hayton,313.11,['disturbing the peace']
KZ782625,Benny Jewis,420.21,['loitering']
KQ091760,Bryn Curee,242.81,['littering']
SJ691117,Connie Emerson,405,['vandalism']
YM520172,Enos Baert,374.91,['vandalism']
XK232647,Giulia Gytesham,318.97,['speeding']
FR511147,Carol-jean Braim,303.8,['littering']
OD568370,Terese Youtead,199.42,['noise disturbance']
JQ081505,Silvia Dongall,278.29,['broken taillight']
HJ742105,Waring Wollers,480.18,['noise disturbance']
ZR898599,Marcela Call,365.84,['trespassing']
QJ282278,Margy Bassick,303.13,['underage drinking']
HJ890152,Rusty Gooders,41.1,['speeding']
JT144922,Alexa Normant,138.52,['jaywalking']
JG320277,Sauncho Carradice,404.26,['illegal parking']
CJ148844,Millie Tillard,200.21,['unleashed dog']
II786815,Prissie Downse,415.23,['loitering']
FU908772,Teressa Langlois,27.99,['public intoxication']
BJ767179,Vassily Scampion,19.19,['noise disturbance']
FF264535,Holli Kits,0.36,['reckless driving']
HY666061,Bucky Wanek,426.48,['speeding']
XT965268,Matilde Ivory,453.27,['smoking in non-smoking area']
NA188798,Leyla Breyt,67.86,['trespassing']
QA478912,Bliss Flaws,366.43,['broken taillight']
GS495729,Jim Mesnard,352.79,['unauthorized use of fire hydrant']
BM950071,Lind Pashby,24.33,['disturbing the peace']
EN832741,Simon Sings,406.01,['loitering']
LT816998,Margalit Godlonton,412.83,['broken taillight']
OG363243,Diane Schrei,425.96,['unleashed dog']
AJ750939,Neille Cushelly,63.92,['speeding']
IP728652,Wallas Bjerkan,351.84,['unleashed dog']
UJ615714,Moyra Deedes,206.62,['littering']
NU897830,Rheta Exon,179.27,['vandalism']
QS189888,Colman Petrusch,255.74,['expired license plate']
VZ060206,Walton Tite,180.85,['graffiti']
UX920691,Rosanne Licciardello,56.33,['noise disturbance']
YE130985,Jannelle Lindsell,225.53,['public intoxication']
IU715260,Kerwinn Fyfe,300.63,['unauthorized use of fire hydrant']
OW995265,Barbara-anne Strank,430.12,['broken taillight']
QQ054531,Katine Slingsby,466.2,['trespassing']
XU620823,Albertina Wheway,106.24,['noise disturbance']
XN645515,Tina Collyear,117.26,['unleashed dog']
CI369931,Annetta Lowseley,77.01,['unauthorized use of fire hydrant']
MC008453,Chaddy Shanley,9.78,['illegal parking']
XJ983965,Malissa Hoopper,307.93,['failure to yield']
DA691818,Raimundo Cottee,330.95,['failure to yield']
VY249454,Tuckie Mathelon,272.96,['illegal dumping']
PS213678,Warde Wigley,199.43,['trespassing']
BA782245,Val Madner,368.36,['disturbing the peace']
CQ893659,Jenine Sokill,159.64,['smoking in non-smoking area']
KK256177,Bellina Murty,311.45,['vandalism']
ZL928133,Gary McCorley,158.91,['vandalism']
XA764300,Trace Cabedo,193.73,['broken taillight']
RE159865,Currie Vaneev,389.4,['expired license plate']
YO643721,Kally Swatridge,433.56,['expired license plate']
NI261426,Curcio Dewfall,239.87,['jaywalking']
LL944769,Blisse Vivyan,211.34,['noise disturbance']
UM637775,Ashia Kaindl,326.08,['unleashed dog']
UI053862,Kali Belderson,38.66,['illegal dumping']
BO965043,Happy Sales,280.77,['expired license plate']
QZ542879,Lynette Brunetti,59.56,['underage drinking']
XJ345372,Dimitry Menchenton,448.44,['broken taillight']
AB842175,Joann Kruse,327.77,['illegal parking']
NN980455,Clareta Creboe,6.58,['expired license plate']
BZ231220,Gwynne Bolsover,71.88,['graffiti']
HL767226,Jojo Lorrie,260.11,['noise disturbance']
WR334391,Darcey Shortt,326.96,['disturbing the peace']
QK552521,Romonda Dymock,81.98,['vandalism']
IU314709,Modestia Pedersen,168.75,['reckless driving']
VY799553,Eldin Ratcliff,8.06,['speeding']
DB011675,Karee Bexon,430.57,['littering']
TS242166,Guntar McKevitt,237.55,['reckless driving']
EG904676,Osmond Aslott,202.82,['public intoxication']
DD749599,Salim Pettifor,177.4,['underage drinking']
OY202513,Nicola Scopyn,309.78,['illegal dumping']
GR014249,Karmen Bonnier,175.82,['underage drinking']
PS504791,Valentino Quakley,30.15,['unleashed dog']
EC398294,Andrei Valsler,50.71,['trespassing']
HE610760,Dylan Pointer,59.39,['reckless driving']
FC506585,Jemie Oxtaby,471.14,['public intoxication']
MO785441,Mia Claus,9.32,['vandalism']
OW950514,Adrien Cantero,123.58,['smoking in non-smoking area']
LU604770,Cherida Sailor,345.07,['broken taillight']
GY692579,Gary Jobson,126.89,['public intoxication']
MY990787,Marjy Goodisson,282.85,['littering']
PB073291,Cirilo Fitzsimmons,100.28,['vandalism']
JP119220,Filide Hulke,354.24,['broken taillight']
BR292624,Gare Sigsworth,16.03,['loitering']
RA697003,Bernice Manklow,210.48,['unauthorized use of fire hydrant']
OL167176,Teodorico Brasner,357.09,['failure to yield']
LN534637,Elise Sherborn,310.07,['unauthorized use of fire hydrant']
LZ397879,Ingrid Waszczyk,250.85,['public intoxication']
DF516456,Alonso Ledwith,18.08,['noise disturbance']
XC096178,Lillis Dix,157.23,['jaywalking']
LG141938,Neille Godsil,152.77,['broken taillight']
JY393125,Aridatha Naulty,201.67,['unleashed dog']
PB663290,Maurene Antecki,16.86,['disturbing the peace']
MQ976440,Aloin Sturte,241.53,['noise disturbance']
GH306634,Mariana Udey,119.17,['loitering']
ZG678585,Kenn Tarbet,423.29,['illegal dumping']
IS111706,Torre Thow,187.21,['speeding']
GX246043,Grove Imason,307.51,['unleashed dog']
EV791657,Valdemar Red,293.45,['vandalism']
DL888041,Shem Coney,160.69,['failure to yield']
IK202864,Emmalyn Grime,135.32,['broken taillight']
DG912553,Dalia Choudhury,249.17,['vandalism']
WA688190,Avril Parlot,397.32,['noise disturbance']
ML251174,Rustin Skegg,308.23,['reckless driving']
JA832083,Brennan Cruwys,420.71,['disturbing the peace']
BV545767,Henri Langshaw,394.33,['public intoxication']
VE947340,Gina Tattersdill,459.13,['illegal parking']
WJ529441,Haze Cona,292.2,['illegal parking']
VR523692,Lynn Tieraney,402.34,['graffiti']
ZW767906,Arlee Vicioso,150.59,['reckless driving']
UY151229,Filippa Gamell,346.91,['littering']
WA771943,Kassie Blackster,109.55,['expired license plate']
RF425928,Andie Clemoes,14.02,['expired license plate']
LJ228256,Maurine Iamittii,243.31,['jaywalking']
FT834515,Cordie Shawdforth,394.43,['littering']
TQ451221,Zitella Birkenhead,184.61,['jaywalking']
NT272832,Torre Ellesmere,182.78,['vandalism']
KU109652,Danyette Ashtonhurst,379.56,['broken taillight']
LJ019551,Dicky Rothermel,53.96,['smoking in non-smoking area']
TD949987,Linnea Maleck,140.78,['failure to yield']
KR981566,Bancroft Demange,87.88,['unleashed dog']
UY074544,Karlotta McGenis,36.85,['smoking in non-smoking area']
NQ172783,Fay Mealham,268.74,['disturbing the peace']
ZV448142,Amberly Baroux,350.24,['jaywalking']
MS731721,Carola Jeanequin,311.48,['underage drinking']
LT666178,Nixie Dietmar,437.09,['illegal dumping']
EU104907,Alexei Dyett,289.82,['unauthorized use of fire hydrant']
JM218890,Dill Gowling,475.15,['speeding']
NJ051794,Marvin Guerry,55.76,['loitering']
PE657782,Banky Shatliff,392.47,['loitering']
AQ934865,Vicki Kitt,92.51,['vandalism']
HV994623,Nalani Wearing,222.51,['noise disturbance']
QO896084,Viole Blown,212.84,['smoking in non-smoking area']
DS371505,Lorie Aglione,58.29,['graffiti']
AV647816,Gilligan Carvil,346.19,['broken taillight']
KE277337,Brice Gilley,72.84,['speeding']
EZ105083,Iorgo Stollard,11.86,['noise disturbance']
LE112981,Lonnard Boullen,429.96,['disturbing the peace']
LY580586,Pietra Huggin,120.22,['illegal parking']
NU811689,Evan Paulsen,401.36,['loitering']
AU957031,Hamish Sea,130.61,['graffiti']
CO990724,Car Kynge,309.87,['littering']
IN401033,Ian Juschka,473.02,['noise disturbance']
NN013147,Leonanie Paulitschke,158.09,['expired license plate']
BX035098,Junette Janney,17.56,['reckless driving']
HC773718,Jessa Bramwich,10.27,['expired license plate']
CX162143,Jerri Whitesel,398.39,['loitering']
TV888642,Udell Cordobes,137.19,['disturbing the peace']
YO119363,Marty Tomlins,355.44,['loitering']
FN399556,Salmon Danigel,273.27,['littering']
YQ852622,Darby Rieme,391.94,['jaywalking']
BW519571,Danita Jelf,421.28,['noise disturbance']
RR783156,Othilia Verbrugge,453.25,['trespassing']
OR535829,Lilllie Dutchburn,166.35,['littering']
XM279020,Pippo Woodroof,430.04,['vandalism']
DF045344,Karilynn Le Port,409.23,['trespassing']
PW817361,Cybil Balderson,122,['illegal dumping']
VH427480,Irvine Chatain,314.34,['illegal dumping']
ZC590816,Morna Giorgiutti,95.74,['trespassing']
HT724247,Pammi McNeilley,211.98,['unauthorized use of fire hydrant']
MX787368,Noami Loudian,154.37,['underage drinking']
XI923175,Cristal Diggins,126.37,['loitering']
AC546888,Frazer Paulsson,414.52,['unauthorized use of fire hydrant']
WZ368120,Padriac Ivantsov,205.18,['speeding']
XB905880,Cleon Bullimore,200.85,['disturbing the peace']
ML513995,Murdock Dack,478.69,['trespassing']
WR640438,Elsi Brookhouse,494.56,['broken taillight']
EP544179,Kinsley Filip,152.03,['unleashed dog']
VS931408,Blancha Dyson,281.1,['reckless driving']
SS317999,Nissie Charman,268.23,['public intoxication']
GN824670,James Nary,344.87,['vandalism']
SW047658,Clary Bish,396.79,['noise disturbance']
FI144831,Lindsy Houchin,400.27,['vandalism']
WS615495,Estrellita Hartup,324.68,['underage drinking']
CN517570,Daniele Dawley,170.44,['littering']
IZ619062,Rina Evason,154.97,['trespassing']
CH872210,Deeyn Jayne,6.73,['jaywalking']
KP087568,Abbie Berni,472.48,['littering']
AI515441,Loreen Corsham,229,['speeding']
DI773082,Mechelle Armitt,249.66,['illegal parking']
GU741016,Helge Bister,62.95,['trespassing']
RU849626,Herta Guerin,341.09,['illegal parking']
ES395023,Sarita Wylder,18.68,['unauthorized use of fire hydrant']
GZ315038,Dacia Ast,18.05,['graffiti']
IV282003,Shurlock Kleehuhler,428.49,['unauthorized use of fire hydrant']
EX775997,Brittaney Kitson,153.53,['unleashed dog']
DZ261086,Grove Barbisch,334.47,['public intoxication']
WV363818,Janine Dahlbom,385.79,['illegal dumping']
MR861506,Donnamarie Tuffin,18.8,['noise disturbance']
LY262576,Harlen Adne,212.69,['speeding']
TS743701,Forest Hailey,393.17,['illegal dumping']
QO426046,Jerad Waller,424.99,['littering']
FR428725,Wendie Degoix,163.11,['speeding']
GZ219130,Dorene Ead,483.59,['failure to yield']
ZQ419529,Etheline Crisp,352.7,['jaywalking']
SB919330,Griselda Pepi,257.32,['vandalism']
DM920600,Milty McIllroy,260.15,['smoking in non-smoking area']
ZP736628,Bryn Tourne,290.71,['underage drinking']
HK698021,Amos Girling,229.14,['littering']
VU625331,Griz Liebermann,49.22,['speeding']
SR658960,Selena Ashwin,75.08,['jaywalking']
WL030522,Tera Pennacci,388.14,['illegal dumping']
LC236784,Anthony Allsup,180.59,['failure to yield']
QP591646,Murial Iglesias,205.24,['failure to yield']
LC418989,Clevie Hymor,447.26,['littering']
JJ719918,Edgardo Ucchino,251.25,['unleashed dog']
XM310634,Kassi Guly,443.51,['expired license plate']
WK681762,Jillana Humbie,84.61,['failure to yield']
SM170529,Myrle Loxston,455.78,['broken taillight']
NL449533,Dom Carpenter,173.16,['vandalism']
XC553209,Carley Decruse,269.05,['trespassing']
WS249184,Cordula Densell,195.66,['littering']
TD295000,Marinna Pagelsen,110.53,['expired license plate']
DO550122,Amy Copp,21.42,['trespassing']
KR662003,Jacobo MacCoveney,12.33,['smoking in non-smoking area']
FK950994,Cazzie Kliemke,122.85,['smoking in non-smoking area']
FW622053,Bret Poundsford,80.24,['noise disturbance']
VV995755,Denney Chillcot,32.51,['broken taillight']
JP495729,Mirabelle Wenham,157.48,['unleashed dog']
CZ986679,Georgeta Tyne,374.83,['trespassing']
JJ178315,Dani Swan,198.97,['littering']
OP221973,Lenka Eddowis,246.31,['trespassing']
AO848029,Mile Checcucci,14.97,['reckless driving']
PT202522,Fairfax Brundill,127.15,['illegal dumping']
FX120843,Wilfrid Mico,47.51,['loitering']
GE466254,Oralle Anthona,146.78,['graffiti']
FE465266,Gabe Grinyakin,469.8,['disturbing the peace']
AU827030,Brew Mangenot,45.14,['jaywalking']
FU177608,Katuscha Andree,179.54,['illegal parking']
KW718333,Joelle Breheny,125.76,['reckless driving']
CQ083415,Elli Dohmann,115.64,['expired license plate']
PB358715,Geri Avramow,48.6,['public intoxication']
KD147547,Alene Newcomb,145.84,['smoking in non-smoking area']
TT113903,Wheeler Targetter,212.65,['public intoxication']
YZ309547,Clifford Broxup,348.66,['reckless driving']
CR098395,Doralynne Rudsdale,442.02,['graffiti']
FV665705,Pierrette McNerlin,22.08,['unleashed dog']
JK436418,Sheilah Grigorio,210.72,['public intoxication']
BF464233,Wini Beddie,221.24,['loitering']
QA669268,Mart Bleier,456.83,['reckless driving']
IT330446,Gaylor Magenny,333.39,['illegal parking']
EM728104,Denis Webland,63.4,['disturbing the peace']
PC058605,Lynn Dobbins,302.56,['vandalism']
BX692213,Sofie Sherston,189.86,['illegal dumping']
GZ523125,Pammy Cuttin,137.26,['vandalism']
SN933598,Wyndham Havis,196.75,['illegal parking']
JZ690456,Frasquito Beckinsall,269.14,['unleashed dog']
QD512182,Marley Scrivin,80.8,['unauthorized use of fire hydrant']
RY888549,Hilton Di Antonio,292.55,['unleashed dog']
HB472625,Averell De la Perrelle,86.2,['speeding']
ET814941,Marthena Perrett,143.36,['trespassing']
TV041618,Estrella Freeman,86.43,['reckless driving']
KS981864,Marcos Gauler,234.53,['unleashed dog']
MX086627,Art Goard,205.07,['unleashed dog']
GD975997,Jacintha Macer,376.42,['broken taillight']
UG098696,Wallis Ambroisin,375,['jaywalking']
VC658650,Eliza Sykora,215.5,['expired license plate']
PC818626,Danella Van der Kruis,325.79,['underage drinking']
TM064369,Raymond McKennan,90.82,['littering']
DG910650,Bobinette Anglim,125.21,['vandalism']
GI801294,Vincents Gluyas,43.65,['illegal dumping']
TO460880,Charlot Clubley,496.54,['illegal parking']
QR390652,Daile Frostick,327.71,['unleashed dog']
XX789816,Reube McCluskey,246.48,['expired license plate']
YZ531404,Nicolas Merwe,80.67,['trespassing']
AK489613,Ellen Stockle,451.82,['unleashed dog']
AW199767,Erinna Hullock,368.25,['littering']
YJ826155,Katharina Licciardo,72.83,['unauthorized use of fire hydrant']
CL760989,Danit Wickins,189,['public intoxication']
EZ680640,Bunni McCook,38.73,['unleashed dog']
NO008914,Esmaria Coulthart,417.56,['smoking in non-smoking area']
CC085432,Eben Castledine,242.5,['unleashed dog']
VW343104,Neale Blasik,112.34,['trespassing']
PX506999,Rici Stert,205.52,['jaywalking']
QS919127,Valentine Cassie,112.63,['illegal dumping']
VW950760,Elinor Americi,262.67,['expired license plate']
ST404620,Gipsy Gerardot,137.63,['failure to yield']
VX440939,Candy Burges,35.18,['vandalism']
CC142732,Brunhilde Josofovitz,23.79,['unleashed dog']
CT628823,Kimmie Heyworth,0.12,['noise disturbance']
TY939055,Florida Aleksic,98.01,['jaywalking']
LE805932,Mela Pumfrett,82.97,['broken taillight']
SL189229,Rhianna Farrens,348.72,['illegal dumping']
YU009492,Alberta Lobbe,156.14,['unauthorized use of fire hydrant']
ZR601487,Joseito Scollick,201.74,['unleashed dog']
CJ895629,Susannah Coathup,445.61,['unauthorized use of fire hydrant']
IF725660,Andreana Blincowe,438.07,['smoking in non-smoking area']
VL808093,Adele Trickett,287.71,['smoking in non-smoking area']
ES302007,Renaud Acres,243.69,['illegal parking']
XL042550,Salvador McLachlan,297.26,['unauthorized use of fire hydrant']
DA648771,Florence Brookson,269.6,['trespassing']
ET697414,Natty Sherewood,182.44,['loitering']
ZJ105293,Idelle Crumb,432.88,['illegal parking']
YL852680,Erinn Pennini,407.05,['expired license plate']
RQ215769,Darcy Citrine,96.09,['failure to yield']
EB556206,Thomasa Eakle,291.78,['unleashed dog']
NN286056,Harli Frohock,268.69,['graffiti']
RA807444,Cammie Newis,311.92,['loitering']
DM629948,Guthrie Arden,247.9,['underage drinking']
FK326807,Lynn Meryett,80.27,['littering']
FL983800,Hakeem Sayre,186.54,['illegal dumping']
TO827466,Aurthur Birbeck,346.45,['vandalism']
MT399577,Onofredo Jarrell,415.72,['illegal dumping']
AE731086,Chrissie Nunson,324.48,['unauthorized use of fire hydrant']
IU897288,Leandra Chamberlaine,374.72,['jaywalking']
VO421386,Alberto Edginton,411.14,['unleashed dog']
AD807283,Faina Carabine,356.62,['expired license plate']
UM464779,Dario Sommerland,356.19,['graffiti']
VT377217,Olenolin Snedden,376.33,['underage drinking']
XB835873,Darla Brandes,354.97,['littering']
TI325808,Brent Gasgarth,93.31,['underage drinking']
XY483534,Francklyn Rountree,150.29,['expired license plate']
YJ301920,Yancy Fotherby,368.36,['illegal parking']
FF846621,Odey Stennes,290.77,['illegal dumping']
IY300258,Neddy Craister,422.95,['loitering']
II960350,Gerti Risborough,175.4,['smoking in non-smoking area']
BO694390,Micky Ronaghan,55.13,['graffiti']
GQ306033,Penni Blaber,11.49,['public intoxication']
JP225478,Flor Arrington,431.01,['illegal parking']
GR721403,Adam Abrahams,64.44,['illegal dumping']
VE656522,Stephanus Brotherton,157.55,['reckless driving']
OU271308,Candide Wanden,469.89,['unauthorized use of fire hydrant']
MZ407052,Benjie Faughey,164.49,['smoking in non-smoking area']
JE037578,Caresse Dorant,217.39,['broken taillight']
YB640350,Erhard Jeens,23.19,['loitering']
TP054140,Auberta Winslade,274.71,['smoking in non-smoking area']
NG940972,Saundra Reiling,13.72,['failure to yield']
YO426819,Steve Deener,201.4,['loitering']
UR618329,Arleta Barette,324.28,['public intoxication']
DV562919,Keelby Pegg,462.15,['broken taillight']
ED384467,Donall Yellowlee,240.53,['underage drinking']
RQ002652,Lara Dibdall,444.43,['littering']
CY719644,Adelle Meale,144.95,['vandalism']
OF032583,Curry Brou,357.81,['reckless driving']
VC313049,Loren Gornar,345.22,['littering']
OK904554,Wandie Angrock,449.18,['graffiti']
VH081656,Lorrie Youtead,192.79,['trespassing']
PW203636,Tirrell Faltin,306.92,['graffiti']
UY116618,Timofei Yegorshin,491.9,['reckless driving']
BE630405,Chrysler Daymont,42.93,['speeding']
WM363739,Elizabeth Maunsell,316.81,['noise disturbance']
IX711873,Griffin Martineau,168.66,['speeding']
MY236003,Benton Fullerd,317.25,['expired license plate']
UD412831,Jennie Shermore,133.35,['unleashed dog']
MQ006230,Tiphanie Blas,191.75,['jaywalking']
WH002763,Dalia Napolione,406.96,['noise disturbance']
RB660496,Jenny Camilli,109.08,['illegal parking']
PM823352,Hazel Domnin,393.2,['graffiti']
NS734006,Ginnie Liell,136.95,['noise disturbance']
EW592633,Elna Ilyas,188.12,['expired license plate']
NB779765,Leta Bouch,9.25,['illegal parking']
QC196614,Augustine Lindwall,211.46,['smoking in non-smoking area']
TV485055,Annie Smalridge,287.55,['smoking in non-smoking area']
HB685596,Bail Eagan,67.21,['unauthorized use of fire hydrant']
ZV064177,Patin Sivier,32.65,['broken taillight']
WL839053,Kaleena Runchman,133.79,['public intoxication']
NR721949,Bartholomeus Thewles,426.18,['smoking in non-smoking area']
GB930201,Curtice Calway,33.14,['smoking in non-smoking area']
UM130906,Tallia MacArte,351.17,['trespassing']
JO618625,Baudoin Jakoviljevic,155.55,['speeding']
YY647716,Jonas McKerron,285.63,['noise disturbance']
KA160976,Alameda Hickin,252.05,['expired license plate']
NU773284,Ferdinand MacKartan,428.83,['failure to yield']
LZ322688,Jenny Fealy,261.94,['graffiti']
LC593382,Fayre Thurby,461.84,['broken taillight']
YT088262,Audrey Becket,369.97,['illegal dumping']
WP790701,Madelle Romer,264.3,['disturbing the peace']
RE206696,Osgood Harrald,93.45,['illegal parking']
NP084378,Sallyanne Childrens,378.56,['graffiti']
WF089685,Rene Gerardin,421,['vandalism']
DI770170,Beret Simka,19.44,['failure to yield']
DS742370,Annemarie Sanches,178.93,['underage drinking']
VZ255831,Coral Delbergue,15.14,['illegal parking']
LH333466,Hyacinth Pietrasik,494.23,['jaywalking']
EG968234,Wittie Beadnell,415.19,['broken taillight']
TL808522,Valencia Lomaz,179.6,['underage drinking']
WB667185,Erinn Soanes,9.18,['unleashed dog']
LO675561,Thoma Berardt,337.08,['trespassing']
WD756347,Thacher Kaesmakers,323.87,['disturbing the peace']
KY266060,Lizette Gerritzen,137.6,['speeding']
PN776608,Tabby Labarre,87.34,['jaywalking']
YD190522,Brandea Pervew,261.47,['broken taillight']
HG977637,Helge Staynes,276.23,['illegal parking']
MH362466,Mikaela Wrangle,52.81,['public intoxication']
DU202424,June Nealey,438.97,['vandalism']
SH437556,Mireielle Pearl,253.58,['illegal dumping']
SZ248241,Palm Werrilow,411.42,['broken taillight']
FG593331,Roi Giles,481.14,['loitering']
ZL706960,Luci Paske,46.89,['jaywalking']
PE109406,Cornall Bland,19.81,['trespassing']
DK088321,Brit Annon,99.44,['broken taillight']
LX732774,Butch Mibourne,261.42,['loitering']
FF546842,Glori Lurcock,134.72,['reckless driving']
VL213002,Adrianne Grieger,337.28,['noise disturbance']
DU468880,Margie Benge,181.84,['illegal parking']
GY555647,Min Beardsworth,323.43,['smoking in non-smoking area']
PC581110,Melamie Turbill,310.25,['illegal dumping']
SO562702,Phillipe Sulland,425.9,['broken taillight']
NX972000,Pavlov Ragate,340.6,['littering']
HU691954,Cynthia Impey,234.42,['vandalism']
QJ379264,Erda Mattioli,159.12,['littering']
HF988273,Franchot Biever,424.33,['vandalism']
UP834310,Edwina Dowzell,85.66,['graffiti']
DP588119,Giuseppe Bothbie,443.1,['loitering']
SM266782,Towney Soloway,293.96,['unleashed dog']
ZS819475,Meade Gorgler,407.89,['noise disturbance']
VY036557,Del Cotton,17.9,['expired license plate']
NI844031,Dynah Elcome,40.19,['illegal dumping']
EG852862,Tabby Vearncomb,37.44,['failure to yield']
GV873717,Devin Dulany,146.4,['smoking in non-smoking area']
DF940341,Scottie Cords,311.96,['loitering']
PN940334,Aaren Ditzel,43.16,['illegal dumping']
PB860562,Bay Waddingham,155.58,['expired license plate']
JW056448,Trina Buckerfield,164.5,['graffiti']
DE775419,Reade Wastling,461.61,['jaywalking']
MN134094,Dion Snead,463.87,['jaywalking']
IY752468,Agnella Fitkin,470.11,['reckless driving']
CU610220,Quincey Hearson,40.53,['unauthorized use of fire hydrant']
IB521497,Phillipe Piddletown,465.9,['broken taillight']
GB949491,Dar Coath,309.81,['vandalism']
XX858652,Erroll Steadman,396.12,['vandalism']
YR179552,Enid Danielsohn,176.03,['noise disturbance']
MG690235,Katinka Deyenhardt,475.71,['graffiti']
VY874985,Matelda Pullinger,426.57,['vandalism']
MJ196345,Vern Pacquet,85.64,['disturbing the peace']
RF446367,Tamas Strass,274.08,['reckless driving']
RV907766,Nickie Crandon,470.53,['illegal parking']
HR482481,Tish Bispo,461.82,['illegal parking']
OM597938,Lawrence Rapaport,421.07,['failure to yield']
MJ401848,Chantal Eadie,313.97,['speeding']
GH006377,Pandora Maun,473.12,['illegal dumping']
UK255211,Quinton Bauer,373.13,['illegal parking']
LF353236,Courtney Hardaker,125.52,['vandalism']
QN119222,Alexandra Camlin,491.07,['disturbing the peace']
VP565641,Ellary Hudleston,154.22,['unleashed dog']
YI776782,Westleigh Guilliland,177.3,['illegal parking']
HT354671,Sal Plowell,8.82,['loitering']
VD296338,Burl Roubeix,115.99,['graffiti']
XW449884,Batholomew Klageman,499.19,['underage drinking']
TQ294435,Fowler Kerford,25.15,['underage drinking']
PG480487,Minne Rosso,458.75,['littering']
TZ938334,Hewe Landell,80.01,['public intoxication']
GG966671,Baudoin Paybody,489.92,['speeding']
IR747947,Spense Waghorne,338.15,['jaywalking']
QB725033,Emelen Ferrarello,216.34,['trespassing']
WG223857,Anton Kirsche,416.95,['reckless driving']
XR994960,Padraic Orlton,135.48,['unauthorized use of fire hydrant']
DD953977,Otho Philippard,414.78,['illegal dumping']
OQ026640,Markus Minor,406.79,['trespassing']
LL182049,Allie Bendson,427.61,['unauthorized use of fire hydrant']
FB535516,Wolfgang Dzenisenka,199.58,['failure to yield']
AJ557208,Saraann Ripping,161.93,['public intoxication']
TY255956,Gwyneth Kneel,399.6,['vandalism']
SI334730,Stanfield Edwins,427.15,['noise disturbance']
XP170262,Leann Clara,394.16,['unauthorized use of fire hydrant']
SG641965,Ethyl Leadley,283.81,['reckless driving']
BY162746,Georgianne Shank,305.75,['expired license plate']
LC436223,Siegfried Truwert,206.38,['public intoxication']
KD672398,Beryle Balcers,450.41,['failure to yield']
VZ767556,Wolfgang Grinishin,269.24,['graffiti']
QW371528,Heall Whellams,469.04,['jaywalking']
JH183458,Siobhan Huggett,251.43,['broken taillight']
AK906552,Tedda Cheyne,53.77,['smoking in non-smoking area']
AK183201,Russell Rossi,135.79,['jaywalking']
WP730383,Barnebas MacAndie,270.75,['trespassing']
ZM288391,Darla Oneile,58.11,['graffiti']
CK293944,Rodina Laible,275.67,['reckless driving']
OW051680,Rodney O'Bradain,42.09,['unleashed dog']
GB296375,Idette Ranner,218.21,['illegal parking']
SY836338,Minette Dionisio,230.87,['reckless driving']
YH608573,Evelina Crosetti,133.99,['public intoxication']
RS677193,Justen Lyle,28.66,['vandalism']
TY898326,Sammy Pigott,390.36,['jaywalking']
UV200851,Patience Addekin,314.9,['underage drinking']
RJ082941,Layne Di Gregorio,115.82,['illegal dumping']
VS556608,Bobbee Crocumbe,79.23,['illegal parking']
OJ448106,Georgetta Sambell,406.07,['unleashed dog']
MG182103,Erica Pedrozzi,225.25,['disturbing the peace']
HY888657,Petronille Rivallant,12.4,['trespassing']
EW592405,Traci Barns,485.46,['illegal dumping']
ED763809,Calv Ashmole,110.25,['broken taillight']
YL633619,Chryste Finlay,230.28,['trespassing']
GW782798,Aldridge Hegden,230.87,['broken taillight']
NE917526,Torin Reignolds,344.42,['littering']
CY742306,Marika Iiannone,212.54,['unauthorized use of fire hydrant']
OU247600,Forster Tregoning,371.06,['illegal parking']
TC531590,Corbie Dod,469.74,['reckless driving']
YU916183,Micky Coveley,115.47,['illegal parking']
RM216802,Taber Gregon,450.63,['trespassing']
KW648069,Illa Brokenshaw,417.25,['smoking in non-smoking area']
DB010340,Bartholemy Bigmore,72.74,['failure to yield']
CU505998,Letitia Jest,404.39,['failure to yield']
NN685671,Wit Belcher,99.13,['littering']
GG782265,Enrika Revey,392.2,['public intoxication']
BJ555114,Arnold Munro,105.33,['loitering']
KD153271,Lonee Goede,460.45,['loitering']
JN568626,Hayyim Danilewicz,481.15,['vandalism']
AH455025,Austin Conlaund,159.49,['jaywalking']
XH946570,Wiatt Sporner,143.18,['expired license plate']
SR671624,Clarie Lewins,94.98,['expired license plate']
BZ616189,Frayda Brolechan,463.56,['trespassing']
MG491287,Alanah Steuart,365.83,['broken taillight']
NW853342,Andra McIlroy,8.96,['smoking in non-smoking area']
JI930441,Sasha Letterick,303.51,['illegal parking']
SP246762,Julieta Kores,395.17,['speeding']
OJ708732,Fleur Bomb,258.21,['illegal dumping']
OV849809,Cody Abson,333.55,['illegal parking']
QQ738372,Wilton Janous,436.91,['speeding']
DH504106,Lainey Bunn,13.6,['smoking in non-smoking area']
LZ406452,Randee Rocks,490.24,['underage drinking']
EA413430,Tate Southorn,476.38,['speeding']
XI261210,Brennan Pepon,313.14,['illegal dumping']
JL849025,Lurlene Belderfield,155.1,['jaywalking']
NA694390,Hyacinth Sussams,329.09,['smoking in non-smoking area']
QF457650,Gonzales Trudgion,101.53,['littering']
EV589114,Joan Scouse,137.62,['public intoxication']
AO845429,Germaine Ferrolli,237.33,['illegal dumping']
FV728582,Gena Bugdale,250.08,['expired license plate']
CK472850,Amber Bousler,60.2,['graffiti']
BY367283,Wells McKimm,23.94,['jaywalking']
FQ682370,Gabriell Strodder,261.23,['broken taillight']
JB014808,Ezmeralda Devita,173.65,['underage drinking']
SD498920,Charmine Elsegood,38.72,['illegal dumping']
XI683441,Adrianna Crowder,333.95,['illegal dumping']
KQ008128,Hortensia Lewin,57.93,['noise disturbance']
TE576535,Michele Chess,430.09,['vandalism']
TU886941,Glenn Pozzi,113.87,['vandalism']
KE882099,Thea Silverson,191.85,['trespassing']
FQ877549,Bobby Le Provest,121.99,['smoking in non-smoking area']
SI653954,Haze Gisburne,342.95,['littering']
FV108846,Armando Dobey,305.59,['noise disturbance']
GJ699525,Katusha Farbrace,238.25,['trespassing']
OU902807,Ingeberg Spenclay,300.63,['illegal parking']
NB935251,Gothart Stormont,288.11,['speeding']
UD581587,Hakeem Goodread,38.5,['loitering']
PD555010,Jamie Shitliff,462.79,['reckless driving']
XE236503,Priscilla Doget,205.45,['illegal dumping']
VH097575,Alla Cuming,284.5,['vandalism']
IP536236,Bendicty Gallegos,132.55,['public intoxication']
VH824214,Elihu Berrycloth,420.03,['public intoxication']
QO675899,Kale Haggata,459.98,['expired license plate']
ET514533,Madeleine Kunzel,234.39,['failure to yield']
IO046385,Robert Killock,306.48,['broken taillight']
LF264544,Erina Aynscombe,327.33,['speeding']
TB207247,Onfroi Baudts,315.91,['vandalism']
CX943525,Carney Sandhill,131.47,['unleashed dog']
DW247278,Eydie Roback,365.8,['illegal dumping']
YB923023,Auroora Schoffel,165.45,['disturbing the peace']
AT227338,Filberte Motto,420.12,['disturbing the peace']
HM138970,Hamilton Abrahami,253.33,['speeding']
CC436532,Bary Plewright,349.03,['trespassing']
TT352056,Chloris Feldbrin,235.76,['graffiti']
JD486460,Silvia Byrne,95.4,['failure to yield']
FN873511,Frazier Lynas,319.5,['illegal parking']
NK669151,Marcella Duckworth,99.86,['vandalism']
IY256047,Lesya Flowers,148.86,['loitering']
IJ070973,Lamond Corriea,262.95,['loitering']
JL894245,Elisabet Danilov,274.47,['public intoxication']
AU614911,Livy Santhouse,184.77,['illegal parking']
EU799371,Simmonds Minney,42.65,['loitering']
VW913748,Ursala MacNess,400.57,['jaywalking']
VU805879,Ashby Ollerton,474.17,['loitering']
KU483615,Francyne Merit,138.66,['unleashed dog']
HJ679693,Devondra Kelinge,194.81,['noise disturbance']
RO306250,Consalve Lewinton,331.92,['unauthorized use of fire hydrant']
IS792736,Glory Stollman,424.14,['vandalism']
AD604815,Estel Shapera,451.98,['trespassing']
YI880610,Erwin Lockner,1.77,['speeding']
ZQ250969,Bil Kermath,267.83,['jaywalking']
NA075895,Di Tunnick,216.59,['unauthorized use of fire hydrant']
XT996036,Saloma Coxon,338.02,['broken taillight']
SA851041,Cesaro Jerred,36.27,['loitering']
CV196342,Jaye Quarrington,129.64,['illegal dumping']
CJ120527,Alvin Caraher,228.72,['graffiti']
JL724274,Nicolle Todman,211.08,['illegal dumping']
VG593183,Joanne Birchner,171.81,['reckless driving']
SQ530421,Eberhard Nickols,210.05,['broken taillight']
KD754084,Jasen Whitcher,128.79,['unauthorized use of fire hydrant']
QA616880,Vi Cockle,400.13,['unauthorized use of fire hydrant']
UU801435,Carmita Wixey,4.48,['illegal dumping']
NA180912,Dory Rowlson,347.76,['speeding']
TH480978,Wallis Peddar,393.41,['trespassing']
AP630999,Garland Millington,360.02,['loitering']
YH528990,Kingsley Weyland,261.24,['public intoxication']
YX568793,Karlan Stibbs,33.62,['smoking in non-smoking area']
GR140397,Andrei Farnhill,461.28,['expired license plate']
SW953149,Ursola Draude,225.04,['graffiti']
KC105139,Dalton Gallop,23.05,['illegal parking']
XI193749,Saleem Errigo,486.04,['underage drinking']
NW747536,Matilde Edgehill,86.46,['loitering']
MH972358,Goldie Seyers,349.24,['broken taillight']
EP102215,Peggi Snadden,352.1,['reckless driving']
CR001246,Gardy Peyes,389.74,['underage drinking']
XR313789,Shaughn Maddinon,65,['loitering']
HC123806,Rowland Carty,216.3,['graffiti']
BS901294,Keslie Chiverstone,124.13,['loitering']
HH899001,Moss Guye,35.17,['loitering']
CL883104,Tricia MacSorley,495.74,['illegal parking']
ES423694,Belinda Ladd,176.57,['underage drinking']
BD318891,Mignonne Mizzi,413.58,['expired license plate']
WI290597,Gerty Flay,213.49,['graffiti']
XZ446457,Sofie Tyrer,133.21,['noise disturbance']
DQ612572,Hali Dunstall,400.85,['failure to yield']
FL004102,Lucinda Smalley,189.31,['vandalism']
UA850106,Lindie Godsil,363.97,['underage drinking']
ZU685838,Petr Tidcombe,485.85,['public intoxication']
CQ778127,Salmon Falks,183.75,['noise disturbance']
JU133439,Alejandrina Chesshire,164.86,['trespassing']
XI677581,Kennedy Grimsdale,401.33,['public intoxication']
KA501329,Silva Zanre,305.57,['underage drinking']
VY222255,Felix Doumerc,184.56,['trespassing']
RV539102,Fannie Tubby,305.63,['illegal parking']
RZ523557,Ezechiel Roskelley,172.78,['underage drinking']
XD518865,Ken Cowhig,23.13,['unleashed dog']
DX642771,Berky Welford,105.3,['broken taillight']
FX776812,Yancey Stollhofer,68.99,['vandalism']
VR462384,Emmett Perigo,188.87,['jaywalking']
DH247432,Joly Gherardini,494.15,['public intoxication']
CK053995,Joseph Mullin,228.34,['public intoxication']
FF787564,Daryl Cuming,316.21,['noise disturbance']
YG882568,Arden Antonucci,345.3,['unauthorized use of fire hydrant']
CJ585691,Risa McLinden,265.13,['noise disturbance']
HG141055,Marisa Banghe,407.76,['expired license plate']
IK585533,Jory Yakunikov,110.16,['unauthorized use of fire hydrant']
JP643676,Martie Brogini,126.13,['vandalism']
SN960068,Annabelle Hayter,356.1,['jaywalking']
VW573841,Ardeen Trevett,264.14,['broken taillight']
SF129555,Ingeberg Mossbee,347.06,['noise disturbance']
HU764050,Marian Beevis,197.95,['disturbing the peace']
KH793782,Hyacinthe Kittless,363.08,['reckless driving']
LD530926,Yancy Widocks,324.05,['trespassing']
OH823209,Tore Espinha,98.27,['vandalism']
DV257443,Keen Bowley,132.07,['underage drinking']
MF602745,Waldo Barnbrook,136.21,['unleashed dog']
SE680949,Dotty Kovacs,67.83,['illegal dumping']
YX380837,Rebecka Henniger,394.12,['disturbing the peace']
QT935840,Shari Robillart,283.75,['illegal dumping']
GQ908452,Dotty Klimko,28.78,['reckless driving']
UB729828,Claudine Seczyk,70.94,['broken taillight']
LM874858,Danell Frazer,489.31,['underage drinking']
DS096885,Barry Kenney,282.13,['public intoxication']
CO701788,Cheslie Elwood,106.94,['public intoxication']
JQ539727,Wynny Slavin,161.05,['broken taillight']
EN400033,Philly Bauldrey,214.46,['noise disturbance']
HJ611243,Trefor Zamudio,187.9,['broken taillight']
FC756361,Cole Showering,133.68,['vandalism']
JL861833,Demetrius Cucinotta,216.15,['public intoxication']
YD664703,Rey Ellerman,101.03,['jaywalking']
SX903863,Stephana Ambrus,237.97,['trespassing']
SF741864,Briney Slot,168.45,['disturbing the peace']
CQ369418,Clerissa Gooderidge,231.88,['littering']
SE288275,Franky Balaam,187.88,['jaywalking']
EJ392980,Ellette Deveraux,62.47,['failure to yield']
CB401293,Care Lucy,59.58,['unauthorized use of fire hydrant']
WW480519,Gil Pinnocke,440.99,['illegal dumping']
WH754499,Daphna Orta,369.2,['disturbing the peace']
DA827305,Dede Byass,15.51,['expired license plate']
EV939056,Jacenta Gheraldi,370.78,['reckless driving']
UX370754,Christyna Daniely,40.39,['underage drinking']
TP944714,Layla Shawyers,178.24,['illegal dumping']
BA394897,Ardelle Ugoletti,35.81,['jaywalking']
NE814380,Clyde Bruckental,327.7,['graffiti']
LP093302,Jodi Liell,201.76,['loitering']
AZ369862,Teddie Sorsbie,50.6,['underage drinking']
PI801107,Sheilakathryn Gantlett,414.3,['underage drinking']
LZ403439,Kali Alben,306.65,['graffiti']
OQ795609,Bird Fairman,231.59,['trespassing']
OC968685,Hazlett Echelle,366.44,['unauthorized use of fire hydrant']
FO958577,Crissy Daughtery,163.36,['expired license plate']
JC529136,Roobbie Kilgannon,456.07,['underage drinking']
MU606058,Cecile Acors,278.23,['unleashed dog']
NX296645,Ulrica Lantry,191.44,['broken taillight']
YO830921,Devland Chaperling,153.29,['unleashed dog']
EV012391,Melva Kiltie,182.16,['noise disturbance']
CI797222,Cori Rutter,395.38,['broken taillight']
KW475359,Nigel Romain,339.05,['speeding']
FJ591954,Marcelia Truin,485.95,['graffiti']
VK614107,Cindelyn Koschek,83.37,['public intoxication']
WW491834,Candis Bolzmann,208.96,['trespassing']
RW240824,Kenyon Wakelam,92.86,['illegal dumping']
YC951052,Lacy Barby,373.26,['unleashed dog']
KL761384,Tonie Cordero,483.43,['unauthorized use of fire hydrant']
PF526894,Vinson Snadden,246.17,['unleashed dog']
YB856779,Chase Smylie,393.57,['graffiti']
DV822788,Melosa Blackaller,178.31,['vandalism']
CK491210,Griffy Couth,352.33,['unleashed dog']
XU008880,Austin Norvell,415.86,['smoking in non-smoking area']
FX099834,Casey Ousley,259.4,['illegal parking']
SO673513,Merrie Panniers,211.92,['underage drinking']
HV085731,Rice Riseam,424.68,['trespassing']
PI736659,Zabrina Dashkovich,101.47,['vandalism']
US684336,Mariana Snelling,486.74,['reckless driving']
XD046905,Nicholle Fleming,117.96,['disturbing the peace']
WI385701,Gibbie Cuberley,256.09,['speeding']
TI675461,Wallie Bampton,111.9,['littering']
GD306366,Aurelea Beddis,26.75,['jaywalking']
FU526141,Salomi Nancekivell,454.98,['unleashed dog']
PD431318,Roarke Macewan,454.83,['disturbing the peace']
YJ104048,Rolph Frankom,410.93,['noise disturbance']
WC423511,Amber Britten,330.81,['speeding']
LF102684,Carlita Perazzo,153.65,['expired license plate']
KR207649,Giuseppe Pezey,208.14,['underage drinking']
ST273568,Lenore Franke,212.1,['smoking in non-smoking area']
HY071931,Emmanuel Larmouth,91.99,['disturbing the peace']
EB276065,Miltie Dowsett,250.55,['public intoxication']
NJ526299,Muriel Warin,441.66,['trespassing']
SA437567,Edan Symers,138.76,['vandalism']
DL244756,Flemming Gannan,295.11,['broken taillight']
SE550334,Rouvin Sommerville,456.27,['speeding']
TO236769,Jeramey De Micoli,157.33,['unauthorized use of fire hydrant']
PS994122,Cirilo Keerl,418.69,['loitering']
MQ010037,Auria Strang,432.28,['jaywalking']
ZX833810,Rozele Whotton,222.66,['trespassing']
VY538626,Alejoa MacMickan,101.62,['failure to yield']
SM663322,Lance Edward,407.64,['underage drinking']
LW945754,Paige Orriss,498.9,['disturbing the peace']
KV249885,Sianna Kenrick,56.24,['illegal parking']
OV658207,Farlay Lau,36.75,['noise disturbance']
GF782944,Elsy Blakely,409.7,['expired license plate']
RT265113,Emmalynne Croal,455.44,['underage drinking']
TB063367,Ernst Avrashin,25.25,['expired license plate']
RJ172147,Florian Brombell,248.94,['vandalism']
DY143370,Mitchael Dowsey,495.82,['underage drinking']
NJ699795,Iris Bilney,215.05,['expired license plate']
DG610219,Katalin Duchart,166.32,['reckless driving']
BB681754,Kelvin Kearle,17.6,['smoking in non-smoking area']
PQ758052,Lothaire Aloshechkin,81.66,['smoking in non-smoking area']
BW963419,Robinett Cornthwaite,353.38,['littering']
ZX678802,Teri MacCostigan,101.33,['vandalism']
RG113304,Juliane Nisby,441.07,['expired license plate']
NN407154,Matty Tallquist,163.58,['broken taillight']
XO251521,Shirleen Chapelhow,220.36,['public intoxication']
ON310759,Alejandrina Halliday,72.7,['expired license plate']
WP626676,Geordie O'Hingerty,449.57,['loitering']
ZI802596,Malcolm McAlees,104.81,['illegal dumping']
LZ985103,Tonie Stothert,403.16,['expired license plate']
XR140175,Nichols Mooreed,65.67,['smoking in non-smoking area']
YW395043,Cairistiona Macourek,97.6,['jaywalking']
GI729245,Dionis Whitter,314.9,['jaywalking']
BV472177,Bob Chalcroft,125.61,['unleashed dog']
CQ173197,Yetta Shipperbottom,334.9,['disturbing the peace']
OW291278,Gar Revens,57.59,['broken taillight']
QY061368,Ryan Buston,380.51,['loitering']
EB322212,Nissy Walak,344,['expired license plate']
DR927974,Korrie Podbury,306.61,['illegal parking']
YT260994,Pearce McNeice,320.5,['jaywalking']
BX398698,Kerrie Di Maria,170.17,['broken taillight']
NA706323,Heloise Anstead,38.08,['unauthorized use of fire hydrant']
XY907694,Husein Jarry,16.24,['public intoxication']
OK815733,Thekla Riddich,18.91,['broken taillight']
AZ715452,Davidson Twizell,394.17,['underage drinking']
VJ331712,Yovonnda Glamart,69.08,['illegal parking']
PV418256,Melba Briar,416.65,['expired license plate']
YC312355,Sawyere Wesley,324.2,['trespassing']
YY372573,Vernon Chittie,17.78,['disturbing the peace']
KG353887,Galvin Maynell,470.13,['noise disturbance']
WT068412,Michal Hlavecek,366.97,['unauthorized use of fire hydrant']
PS771317,Reilly Roisen,87.29,['underage drinking']
IR979232,Dickie Havock,54.69,['illegal parking']
MQ782439,Toddie Bleier,233.93,['illegal parking']
XR956979,Cody Sheircliffe,498.49,['jaywalking']
RE678712,Christophe Amerighi,115.73,['trespassing']
GA616570,Missy Tohill,137.97,['failure to yield']
UN637113,Ambrosius Nobriga,303.93,['broken taillight']
CZ970807,Alberta Chatenet,206.38,['smoking in non-smoking area']
HF282716,Trev Priddle,114.89,['underage drinking']
XT944402,Joanne Lermit,175.65,['smoking in non-smoking area']
HZ880336,Lexie Luchelli,277.04,['noise disturbance']
LY654998,Kenon Kamenar,477.23,['smoking in non-smoking area']
VK551034,Sybyl Linneman,148.06,['public intoxication']
RQ837013,Umberto Mitchenson,168.21,['underage drinking']
JX390085,Lita Aery,292.2,['unleashed dog']
MQ310743,Wood Standage,286.99,['jaywalking']
JI824398,Alyce Jaycocks,485.04,['noise disturbance']
MJ730120,Conant Latour,127.93,['speeding']
AG258982,Chrissy Sorey,339.07,['littering']
JL934265,Beaufort Weekly,434.8,['reckless driving']
HL441726,Kirsten Lehrian,167.92,['expired license plate']
IP080287,Lorri Pero,359.51,['failure to yield']
NW953556,Hale Pointin,258.4,['trespassing']
IA848718,Kizzee Basilotta,407.24,['jaywalking']
ER013894,Clemence Le Fleming,142.05,['unleashed dog']
NH224436,Jamal Combes,319.95,['failure to yield']
OW283844,Belita McIlwreath,433,['vandalism']
PX017051,Nat Mathy,69.88,['jaywalking']
QI338189,Jerrine Oaks,489.6,['illegal dumping']
KF591072,Orlando Manvelle,424.94,['graffiti']
OA546216,Rae Thompson,36.2,['vandalism']
PU292944,Berti Benterman,305.11,['trespassing']
DP632458,Donaugh Gayler,386.09,['broken taillight']
RB451581,Daloris Whitmell,263.25,['public intoxication']
RR186998,Dasie Atwel,78.75,['jaywalking']
VB671341,Elliott Bromehead,399.25,['loitering']
IB256189,Petronilla Curee,18.46,['illegal parking']
TE100769,Hermina Lukacs,114.63,['illegal dumping']
RO405215,Tabatha Martensen,152.01,['vandalism']
GA694417,Suzanna Westwater,436.61,['graffiti']
YN991842,Richard Tryhorn,76.44,['unleashed dog']
BK819766,Lion Kimmins,347.37,['disturbing the peace']
CD963215,Hanni Thebeau,13.83,['speeding']
SX350350,Trudy Dredge,455.86,['unauthorized use of fire hydrant']
QF465353,Dora Cullingworth,33.94,['unauthorized use of fire hydrant']
WT273018,Raf Stukings,204.6,['illegal parking']
SC763933,Hernando Rate,88.08,['public intoxication']
GG562706,Levi Bridat,439.32,['loitering']
RE600303,Sallyanne Furminger,312.37,['unleashed dog']
RC025900,Heidie Birkenshaw,421.36,['trespassing']
LX430868,Merline Cicullo,479.19,['trespassing']
IM679574,Eugenie Custy,166.08,['reckless driving']
BY701810,Donalt Smorthwaite,373.31,['littering']
YU215720,Gay Kalkofen,157.89,['smoking in non-smoking area']
QB817041,Mona Pashley,169.88,['smoking in non-smoking area']
KB183710,Jacquie Aubrey,471.01,['illegal parking']
FV889277,Harbert Goodrich,276.44,['vandalism']
CF065214,Clarie Heigho,6.98,['smoking in non-smoking area']
MT596149,Sanders Abercromby,6.94,['noise disturbance']
WK385144,Ida Marton,379.4,['failure to yield']
